[
  {
    "id": "a297dc18-889d-4c1a-a0e3-d615f1e02414",
    "data": [
      {
        "text": "Calculate my time to destination",
        "userDefined": false
      }
    ],
    "isTemplate": false,
    "count": 0,
    "updated": 1550877498
  },
  {
    "id": "313517d6-d30f-4836-a2b2-ba2d3bf28dc2",
    "data": [
      {
        "text": "How far till my destination?",
        "userDefined": false
      }
    ],
    "isTemplate": false,
    "count": 0,
    "updated": 1550877498
  },
  {
    "id": "3618c9ae-513a-4578-b5e8-0a16f6d5dc3f",
    "data": [
      {
        "text": "How long?",
        "userDefined": false
      }
    ],
    "isTemplate": false,
    "count": 0,
    "updated": 1550877498
  },
  {
    "id": "e25211a9-ebbf-4ec4-9f60-b9a91329a171",
    "data": [
      {
        "text": "When will I reach my destination?",
        "userDefined": false
      }
    ],
    "isTemplate": false,
    "count": 0,
    "updated": 1550877498
  },
  {
    "id": "48f5d9c1-5805-4499-8645-7dfc51986f12",
    "data": [
      {
        "text": "How much time to arrival",
        "userDefined": false
      }
    ],
    "isTemplate": false,
    "count": 0,
    "updated": 1550877498
  }
]