[
  {
    "id": "b6547211-e446-48d5-94d2-ff36363e4a3f",
    "data": [
      {
        "text": "Forecast the weather",
        "userDefined": false
      }
    ],
    "isTemplate": false,
    "count": 0,
    "updated": 1550877641
  },
  {
    "id": "25d3703e-0477-49b2-a786-26a0addb193c",
    "data": [
      {
        "text": "Show me the weather condition",
        "userDefined": false
      }
    ],
    "isTemplate": false,
    "count": 0,
    "updated": 1550877641
  },
  {
    "id": "255564df-941e-4196-93c8-bf5c989899f2",
    "data": [
      {
        "text": "How are the conditions to my destination?",
        "userDefined": false
      }
    ],
    "isTemplate": false,
    "count": 0,
    "updated": 1550877641
  },
  {
    "id": "04b1153b-cfc5-483a-978c-9d6f5b687760",
    "data": [
      {
        "text": "How visible is it outside?",
        "userDefined": false
      }
    ],
    "isTemplate": false,
    "count": 0,
    "updated": 1550877641
  },
  {
    "id": "f8f5022f-2a8d-49ba-8b67-cfbecee175c6",
    "data": [
      {
        "text": "How\u0027s the climate?",
        "userDefined": false
      }
    ],
    "isTemplate": false,
    "count": 0,
    "updated": 1550877641
  },
  {
    "id": "0c594afe-caf9-4579-99ed-dd26842112b4",
    "data": [
      {
        "text": "How foggy is it?",
        "userDefined": false
      }
    ],
    "isTemplate": false,
    "count": 0,
    "updated": 1550877641
  },
  {
    "id": "5c84224d-760e-4472-ad56-b3d427f3f893",
    "data": [
      {
        "text": "What are the weather conditions around me?",
        "userDefined": false
      }
    ],
    "isTemplate": false,
    "count": 0,
    "updated": 1550877641
  }
]