[
  {
    "id": "4858cb3e-2cae-44a4-bd82-bf03e9c28623",
    "data": [
      {
        "text": "I know how to write in ",
        "userDefined": false
      },
      {
        "text": "German",
        "alias": "language",
        "meta": "@sys.language",
        "userDefined": false
      }
    ],
    "isTemplate": false,
    "count": 0,
    "updated": 1550858371
  },
  {
    "id": "68508295-89d5-4ec2-94d0-a966348acd80",
    "data": [
      {
        "text": "I speak ",
        "userDefined": false
      },
      {
        "text": "French",
        "alias": "language",
        "meta": "@sys.language",
        "userDefined": false
      }
    ],
    "isTemplate": false,
    "count": 0,
    "updated": 1550858371
  },
  {
    "id": "c1682ed5-1c3f-4d3a-b4ca-5d5cbe25f230",
    "data": [
      {
        "text": "I know ",
        "userDefined": false
      },
      {
        "text": "English",
        "alias": "language",
        "meta": "@sys.language",
        "userDefined": false
      }
    ],
    "isTemplate": false,
    "count": 0,
    "updated": 1550858371
  }
]