[
  {
    "id": "08c03b36-098a-4fea-a933-c24a54e6969c",
    "data": [
      {
        "text": "Name?",
        "userDefined": false
      }
    ],
    "isTemplate": false,
    "count": 0,
    "updated": 1550856986
  },
  {
    "id": "df8231d0-21f6-4be2-9cfe-e237e12a600d",
    "data": [
      {
        "text": "Do you have a name?",
        "userDefined": false
      }
    ],
    "isTemplate": false,
    "count": 0,
    "updated": 1550856986
  },
  {
    "id": "172e58eb-04ec-4722-a17c-b88e5769d83d",
    "data": [
      {
        "text": "What is your name?",
        "userDefined": false
      }
    ],
    "isTemplate": false,
    "count": 0,
    "updated": 1550856986
  }
]