[
  {
    "id": "1dad53b4-548e-459e-9895-2b523323f8fb",
    "data": [
      {
        "text": "Map the nodes",
        "userDefined": false
      }
    ],
    "isTemplate": false,
    "count": 0,
    "updated": 1550877752
  },
  {
    "id": "a49d6295-ff5f-4bc4-886d-f5b835b1d33f",
    "data": [
      {
        "text": "Node map",
        "userDefined": false
      }
    ],
    "isTemplate": false,
    "count": 0,
    "updated": 1550877752
  },
  {
    "id": "dd03415d-8453-4bcf-a5e2-f760540cfd99",
    "data": [
      {
        "text": "what is the condition of the traffic around me",
        "userDefined": false
      }
    ],
    "isTemplate": false,
    "count": 0,
    "updated": 1550877752
  },
  {
    "id": "42532df1-67e6-4a7d-a09c-e2323713cfb2",
    "data": [
      {
        "text": "How does the traffic around me look",
        "userDefined": false
      }
    ],
    "isTemplate": false,
    "count": 0,
    "updated": 1550877752
  },
  {
    "id": "289de56f-1fe1-4464-b0c6-b1a9b21e8a03",
    "data": [
      {
        "text": "Show me the node map",
        "userDefined": false
      }
    ],
    "isTemplate": false,
    "count": 0,
    "updated": 1550877752
  }
]