[
  {
    "id": "a766f9a1-588b-4a7b-90df-e246e52a5075",
    "data": [
      {
        "text": "Accident",
        "userDefined": false
      }
    ],
    "isTemplate": false,
    "count": 0,
    "updated": 1550878013
  },
  {
    "id": "3cc466e4-b553-42fe-98ec-075003c9872f",
    "data": [
      {
        "text": "There has been an accident",
        "userDefined": false
      }
    ],
    "isTemplate": false,
    "count": 0,
    "updated": 1550878013
  },
  {
    "id": "2a761c04-e6d0-415a-b70d-2f9f24568d07",
    "data": [
      {
        "text": "Report emergency",
        "userDefined": false
      }
    ],
    "isTemplate": false,
    "count": 0,
    "updated": 1550878013
  },
  {
    "id": "fee6491a-8cfa-4b4a-8395-8592caa547e3",
    "data": [
      {
        "text": "Emergency",
        "userDefined": false
      }
    ],
    "isTemplate": false,
    "count": 0,
    "updated": 1550878013
  }
]