[
  {
    "id": "ad24ea68-1fbf-4f77-b3fc-d8818325207b",
    "data": [
      {
        "text": "Find my destination",
        "userDefined": false
      }
    ],
    "isTemplate": false,
    "count": 0,
    "updated": 1550877395
  },
  {
    "id": "ddea4631-628f-4d14-a36b-a54e0a4cdde0",
    "data": [
      {
        "text": "Help",
        "userDefined": false
      }
    ],
    "isTemplate": false,
    "count": 0,
    "updated": 1550877395
  },
  {
    "id": "2fba8aff-e5c8-4d14-be5a-61656473427b",
    "data": [
      {
        "text": "Help me out",
        "userDefined": false
      }
    ],
    "isTemplate": false,
    "count": 0,
    "updated": 1550877395
  },
  {
    "id": "f5ab0201-8f0b-420c-86ac-54f4ae82bc90",
    "data": [
      {
        "text": "I can\u0027t see",
        "userDefined": false
      }
    ],
    "isTemplate": false,
    "count": 0,
    "updated": 1550877395
  },
  {
    "id": "74627ee7-1190-46e7-9c96-6b0df4e222b2",
    "data": [
      {
        "text": "It\u0027s getting foggy",
        "userDefined": false
      }
    ],
    "isTemplate": false,
    "count": 0,
    "updated": 1550877395
  },
  {
    "id": "0eb25272-af27-44d9-a835-61f459eef5f1",
    "data": [
      {
        "text": "Find my way",
        "userDefined": false
      }
    ],
    "isTemplate": false,
    "count": 0,
    "updated": 1550877395
  },
  {
    "id": "bd29f63b-3e97-482a-aac3-31c84232a66f",
    "data": [
      {
        "text": "Show me the way.",
        "userDefined": false
      }
    ],
    "isTemplate": false,
    "count": 0,
    "updated": 1550877344
  }
]