[
  {
    "id": "5b5a15ce-8a8e-4f28-9425-45a4433d875e",
    "data": [
      {
        "text": "my log",
        "userDefined": false
      }
    ],
    "isTemplate": false,
    "count": 0,
    "updated": 1550877876
  },
  {
    "id": "31466e7a-37f7-4aa1-8a12-e589f8b0d535",
    "data": [
      {
        "text": "Speeding log",
        "userDefined": false
      }
    ],
    "isTemplate": false,
    "count": 0,
    "updated": 1550877876
  },
  {
    "id": "b7258f48-3c65-42ee-8608-6b597840d9ef",
    "data": [
      {
        "text": "Show me the speeding log",
        "userDefined": false
      }
    ],
    "isTemplate": false,
    "count": 0,
    "updated": 1550877876
  }
]