[
  {
    "id": "24caefec-7fe8-480a-86dc-61721285ec2c",
    "data": [
      {
        "text": "What\u0027s on the road ahead?",
        "userDefined": false
      }
    ],
    "isTemplate": false,
    "count": 0,
    "updated": 1550859288
  },
  {
    "id": "dfb00f53-a670-4afa-9775-1242d4a8bb28",
    "data": [
      {
        "text": "How\u0027s the road?",
        "userDefined": false
      }
    ],
    "isTemplate": false,
    "count": 0,
    "updated": 1550859288
  },
  {
    "id": "4986fd4f-8901-4674-9657-8260fadc742b",
    "data": [
      {
        "text": "What\u0027s up ahead?",
        "userDefined": false
      }
    ],
    "isTemplate": false,
    "count": 0,
    "updated": 1550859288
  },
  {
    "id": "8aab9b4e-0aa4-4bc0-9a59-42de89b963e1",
    "data": [
      {
        "text": "how\u0027s the road ahead?",
        "userDefined": false
      }
    ],
    "isTemplate": false,
    "count": 0,
    "updated": 1550859288
  },
  {
    "id": "0c3031ef-944f-47b4-9de1-3de53bf74a5e",
    "data": [
      {
        "text": "How\u0027s the traffic?",
        "userDefined": false
      }
    ],
    "isTemplate": false,
    "count": 0,
    "updated": 1550859288
  }
]